Adam Afriyie,Windsor,Con,ayeJames Arbuthnot,North East Hampshire,Con,ayeTony Baldry,Banbury,Con,ayeRichard Benyon,Newbury,Con,ayeJohn Bercow,Buckingham,whilst Con,ayeCrispin Blunt,Reigate,Con,ayeDavid Burrowes,"Enfield, Southgate",Con,ayeDavid Cameron,Witney,Con,ayeDouglas Carswell,Harwich,Con,ayeGreg Clark,Tunbridge Wells,Con,ayeKenneth Clarke,Rushcliffe,Con,ayeJonathan Djanogly,Huntingdon,Con,ayeJames Duddridge,Rochford and Southend East,Con,ayeMark Field,Cities of London and Westminster,Con,ayeEdward Garnier,Harborough,Con,ayeDavid Gauke,South West Hertfordshire,Con,ayeJustine Greening,Putney,Con,ayeDominic Grieve,Beaconsfield,Con,ayeGreg Hands,Hammersmith and Fulham,Con,ayeNick Herbert,Arundel and South Downs,Con,ayeJeremy Hunt,South West Surrey,Con,ayeRobert Key,Salisbury,Con,ayeJulie Kirkbride,Bromsgrove,Con,ayeEleanor Laing,Epping Forest,Con,ayeTim Loughton,East Worthing and Shoreham,Con,ayeAndrew MacKay,Bracknell,Con,ayeMalcolm Moss,North East Cambridgeshire,Con,ayeDavid Mundell,"Dumfriesshire, Clydesdale and Tweeddale",Con,ayeAndrew Murrison,Westbury,Con,ayeJohn Penrose,Weston-Super-Mare,Con,ayeLaurence Robertson,Tewkesbury,Con,ayeAndrew Tyrie,Chichester,Con,ayeShailesh Vara,North West Cambridgeshire,Con,ayeJohn Whittingdale,Maldon and East Chelmsford,Con,ayeDavid Wilshire,Spelthorne,Con,ayeTim Yeo,South Suffolk,Con,ayeGeorge Young,North West Hampshire,Con,ayeDavid Amess,Southend West,Con,noMichael Ancram,Devizes,Con,noPeter Atkinson,Hexham,Con,noRichard Bacon,South Norfolk,Con,noBrian Binley,Northampton South,Con,noPeter Bone,Wellingborough,Con,noJames Brokenshire,Hornchurch,Con,noSimon Burns,West Chelmsford,Con,noAlistair Burt,North East Bedfordshire,Con,noWilliam Cash,Stone,Con,noChristopher Chope,Christchurch,Con,noGeoffrey Clifton-Brown,Cotswold,Con,noPatrick Cormack,South Staffordshire,Con,noStephen Crabb,Preseli Pembrokeshire,Con,noDavid Davies,Monmouth,Con,noDavid Davis,Haltemprice and Howden,Con,noNadine Dorries,Mid Bedfordshire,Con,noNigel Evans,Ribble Valley,Con,noMichael Fallon,Sevenoaks,Con,noMark Francois,Rayleigh,Con,noCheryl Gillan,Chesham and Amersham,Con,noJames Gray,North Wiltshire,Con,noJohn Gummer,Suffolk Coastal,Con,noJohn Hayes,South Holland and The Deepings,Con,noOliver Heald,North East Hertfordshire,Con,noMark Hoban,Fareham,Con,noPhilip Hollobone,Kettering,Con,noGerald Howarth,Aldershot,Con,noStewart Jackson,Peterborough,Con,noDavid Jones,Clwyd West,Con,noDaniel Kawczynski,Shrewsbury and Atcham,Con,noGreg Knight,East Yorkshire,Con,noEdward Leigh,Gainsborough,Con,noJulian Lewis,New Forest East,Con,noIan Liddell-Grainger,Bridgwater,Con,noMichael Mates,East Hampshire,Con,noAnne McIntosh,Vale of York,Con,noPatrick McLoughlin,West Derbyshire,Con,noBob Neill,Bromley and Chislehurst,Con,noMark Pritchard,The Wrekin,Con,noAndrew Rosindell,Romford,Con,noDavid Ruffley,Bury St Edmunds,Con,noAndrew Selous,South West Bedfordshire,Con,noAnthony Steen,Totnes,Con,noDesmond Swayne,New Forest West,Con,noHugo Swire,East Devon,Con,noAndrew Turner,Isle of Wight,Con,noAngela Watkinson,Upminster,Con,noAnn Widdecombe,Maidstone and The Weald,Con,noBill Wiggin,Leominster,Con,noAnn Winterton,Congleton,Con,noGregory Campbell,East Londonderry,DUP,noJeffrey M Donaldson,Lagan Valley,DUP,noWilliam McCrea,South Antrim,DUP,noPeter Robinson,Belfast East,DUP,noSammy Wilson,East Antrim,DUP,noRichard Taylor,Wyre Forest,Ind,ayeDai Davies,Blaenau Gwent,Ind,noClare Short,"Birmingham, Ladywood",whilst Ind Lab,ayeDiane Abbott,Hackney North and Stoke Newington,Lab,ayeNick Ainger,Carmarthen West and South Pembrokeshire,Lab,ayeBob Ainsworth,Coventry North East,Lab,ayeGraham Allen,Nottingham North,Lab,ayeDavid Anderson,Blaydon,Lab,ayeHilary Armstrong,North West Durham,Lab,ayeCharlotte Atkins,Staffordshire Moorlands,Lab,ayeIan Austin,Dudley North,Lab,ayeJohn Austin,Erith and Thamesmead,Lab,ayeAdrian Bailey,West Bromwich West,Lab,ayeVera Baird,Redcar,Lab,ayeEdward Balls,Normanton,Lab,ayeGordon Banks,Ochil and South Perthshire,Lab,ayeKevin Barron,Rother Valley,Lab,ayeJohn Battle,Leeds West,Lab,ayeHugh Bayley,City of York,Lab,ayeMargaret Beckett,Derby South,Lab,ayeAnne Begg,Aberdeen South,Lab,ayeHilary Benn,Leeds Central,Lab,ayeJoe Benton,Bootle,Lab,ayeRoger Berry,Kingswood,Lab,ayeClive Betts,"Sheffield, Attercliffe",Lab,ayeLiz Blackman,Erewash,Lab,ayeRoberta Blackman-Woods,City of Durham,Lab,ayeHazel Blears,Salford,Lab,ayeBob Blizzard,Waveney,Lab,ayeBen Bradshaw,Exeter,Lab,ayeKevin Brennan,Cardiff West,Lab,ayeLyn Brown,West Ham,Lab,ayeNick Brown,Newcastle upon Tyne East and Wallsend,Lab,ayeRussell Brown,Dumfries and Galloway,Lab,ayeChris Bryant,Rhondda,Lab,ayeKaren Buck,Regent's Park and Kensington North,Lab,ayeRichard Burden,"Birmingham, Northfield",Lab,ayeColin Burgon,Elmet,Lab,ayeAndy Burnham,Leigh,Lab,ayeDawn Butler,Brent South,Lab,ayeStephen Byers,North Tyneside,Lab,ayeLiam Byrne,"Birmingham, Hodge Hill",Lab,ayeRichard Caborn,Sheffield Central,Lab,ayeDavid Cairns,Inverclyde,Lab,ayeAlan Campbell,Tynemouth,Lab,ayeMartin Caton,Gower,Lab,ayeIan Cawsey,Brigg and Goole,Lab,ayeColin Challen,Morley and Rothwell,Lab,ayeBen Chapman,Wirral South,Lab,ayeMichael Clapham,Barnsley West and Penistone,Lab,ayeKaty Clark,North Ayrshire and Arran,Lab,ayePaul Clark,Gillingham,Lab,ayeCharles Clarke,Norwich South,Lab,ayeTom Clarke,"Coatbridge, Chryston and Bellshill",Lab,ayeDavid Clelland,Tyne Bridge,Lab,ayeVernon Coaker,Gedling,Lab,ayeAnn Coffey,Stockport,Lab,ayeHarry Cohen,Leyton and Wanstead,Lab,ayeFrank Cook,Stockton North,Lab,ayeRosie Cooper,West Lancashire,Lab,ayeYvette Cooper,Pontefract and Castleford,Lab,ayeJeremy Corbyn,Islington North,Lab,ayeJim Cousins,Newcastle upon Tyne Central,Lab,ayeDavid Crausby,Bolton North East,Lab,ayeJon Cruddas,Dagenham,Lab,ayeAnn Cryer,Keighley,Lab,ayeJohn Cummings,Easington,Lab,ayeJim Cunningham,Coventry South,Lab,ayeTony Cunningham,Workington,Lab,ayeWayne David,Caerphilly,Lab,ayeIan Davidson,Glasgow South West,Lab,ayeQuentin Davies,Grantham and Stamford,whilst Lab,ayeJanet Dean,Burton,Lab,ayeJohn Denham,"Southampton, Itchen",Lab,ayeJim Devine,Livingston,Lab,ayeParmjit Dhanda,Gloucester,Lab,ayeAndrew Dismore,Hendon,Lab,ayeBrian H Donohoe,Central Ayrshire,Lab,ayeFrank Doran,Aberdeen North,Lab,ayeJim Dowd,Lewisham West,Lab,ayeDavid Drew,Stroud,Lab,ayeAngela Eagle,Wallasey,Lab,ayeMaria Eagle,"Liverpool, Garston",Lab,ayeClive Efford,Eltham,Lab,ayeLouise Ellman,"Liverpool, Riverside",Lab,ayeJeff Ennis,Barnsley East and Mexborough,Lab,ayeBill Etherington,Sunderland North,Lab,ayeMark Fisher,Stoke-on-Trent Central,Lab,ayeJim Fitzpatrick,Poplar and Canning Town,Lab,ayeCaroline Flint,Don Valley,Lab,ayePaul Flynn,Newport West,Lab,ayeBarbara Follett,Stevenage,Lab,ayeMichael Foster,Worcester,Lab,ayeMichael Jabez Foster,Hastings and Rye,Lab,ayeHywel Francis,Aberavon,Lab,ayeMike Gapes,Ilford South,Lab,ayeBruce George,Walsall South,Lab,ayeIan Gibson,Norwich North,Lab,ayeLinda Gilroy,"Plymouth, Sutton",Lab,ayeRoger Godsiff,"Birmingham, Sparkbrook and Small Heath",Lab,ayeHelen Goodman,Bishop Auckland,Lab,ayeNia Griffith,Llanelli,Lab,ayeNigel Griffiths,Edinburgh South,Lab,ayeAndrew Gwynne,Denton and Reddish,Lab,ayeMike Hall,Weaver Vale,Lab,ayePatrick Hall,Bedford,Lab,ayeDavid Hamilton,Midlothian,Lab,ayeFabian Hamilton,Leeds North East,Lab,ayeDavid Hanson,Delyn,Lab,ayeHarriet Harman,Camberwell and Peckham,Lab,ayeTom Harris,Glasgow South,Lab,ayeDai Havard,Merthyr Tydfil and Rhymney,Lab,ayeJohn Healey,Wentworth,Lab,ayeMark Hendrick,Preston,Lab,ayeJohn Heppell,Nottingham East,Lab,ayeStephen Hesford,Wirral West,Lab,ayeDavid Heyes,Ashton-under-Lyne,Lab,ayeKeith Hill,Streatham,Lab,ayeMeg Hillier,Hackney South and Shoreditch,Lab,ayeMargaret Hodge,Barking,Lab,ayeSharon Hodgson,Gateshead East and Washington West,Lab,ayeJimmy Hood,Lanark and Hamilton East,Lab,ayeGeoff Hoon,Ashfield,Lab,ayePhil Hope,Corby,Lab,ayeKelvin Hopkins,Luton North,Lab,ayeGeorge Howarth,Knowsley North and Sefton East,Lab,ayeKim Howells,Pontypridd,Lab,ayeLindsay Hoyle,Chorley,Lab,ayeBeverley Hughes,Stretford and Urmston,Lab,ayeJoan Humble,Blackpool North and Fleetwood,Lab,ayeJohn Hutton,Barrow and Furness,Lab,ayeBrian Iddon,Bolton South East,Lab,ayeEric Illsley,Barnsley Central,Lab,ayeAdam Ingram,"East Kilbride, Strathaven and Lesmahagow",Lab,ayeHuw Irranca-Davies,Ogmore,Lab,ayeGlenda Jackson,Hampstead and Highgate,Lab,ayeSi‰n James,Swansea East,Lab,ayeBrian Jenkins,Tamworth,Lab,ayeAlan Johnson,Kingston upon Hull West and Hessle,Lab,ayeDiana Johnson,Kingston upon Hull North,Lab,ayeHelen Jones,Warrington North,Lab,ayeKevan Jones,North Durham,Lab,ayeLynne Jones,"Birmingham, Selly Oak",Lab,ayeEric Joyce,Falkirk,Lab,ayeSally Keeble,Northampton North,Lab,ayeBarbara Keeley,Worsley,Lab,ayeAlan Keen,Feltham and Heston,Lab,ayeAnn Keen,Brentford and Isleworth,Lab,ayeRuth Kelly,Bolton West,Lab,ayeFraser Kemp,Houghton and Washington East,Lab,ayeSadiq Khan,Tooting,Lab,ayeDavid Kidney,Stafford,Lab,ayePeter Kilfoyle,"Liverpool, Walton",Lab,ayeJim Knight,South Dorset,Lab,ayeAshok Kumar,Middlesbrough South and East Cleveland,Lab,ayeStephen Ladyman,South Thanet,Lab,ayeDavid Lammy,Tottenham,Lab,ayeBob Laxton,Derby North,Lab,ayeMark Lazarowicz,Edinburgh North and Leith,Lab,ayeDavid Lepper,"Brighton, Pavilion",Lab,ayeTom Levitt,High Peak,Lab,ayeIvan Lewis,Bury South,Lab,ayeMartin Linton,Battersea,Lab,ayeTony Lloyd,Manchester Central,Lab,ayeAndrew Love,Edmonton,Lab,ayeIan Lucas,Wrexham,Lab,ayeAndrew MacKinlay,Thurrock,Lab,ayeDenis MacShane,Rotherham,Lab,ayeJudy Mallaber,Amber Valley,Lab,ayeJohn Mann,Bassetlaw,Lab,ayeRob Marris,Wolverhampton South West,Lab,ayeGordon Marsden,Blackpool South,Lab,ayeEric Martlew,Carlisle,Lab,ayeThomas McAvoy,Rutherglen and Hamilton West,Lab,ayeChris McCafferty,Calder Valley,Lab,ayeKerry McCarthy,Bristol East,Lab,ayeSarah McCarthy-Fry,Portsmouth North,Lab,ayeSiobhain McDonagh,Mitcham and Morden,Lab,ayeJohn McDonnell,Hayes and Harlington,Lab,ayePat McFadden,Wolverhampton South East,Lab,ayeJohn McFall,West Dunbartonshire,Lab,ayeJim McGovern,Dundee West,Lab,ayeShona McIsaac,Cleethorpes,Lab,ayeAnn McKechin,Glasgow North,Lab,ayeRosemary McKenna,"Cumbernauld, Kilsyth and Kirkintilloch East",Lab,ayeTony McNulty,Harrow East,Lab,ayeMichael Meacher,Oldham West and Royton,Lab,ayeAlan Meale,Mansfield,Lab,ayeAlun Michael,Cardiff South and Penarth,Lab,ayeAlan Milburn,Darlington,Lab,ayeEdward Miliband,Doncaster North,Lab,ayeAndrew Miller,Ellesmere Port and Neston,Lab,ayeAustin Mitchell,Great Grimsby,Lab,ayeLaura Moffatt,Crawley,Lab,ayeChris Mole,Ipswich,Lab,ayeMadeleine Moon,Bridgend,Lab,ayeMargaret Moran,Luton South,Lab,ayeJessica Morden,Newport East,Lab,ayeJulie Morgan,Cardiff North,Lab,ayeElliot Morley,Scunthorpe,Lab,ayeGeorge Mudie,Leeds East,Lab,ayeChris Mullin,Sunderland South,Lab,ayeDenis Murphy,Wansbeck,Lab,ayePaul Murphy,Torfaen,Lab,ayeDoug Naysmith,Bristol North West,Lab,ayeDan Norris,Wansdyke,Lab,ayeMike O'Brien,North Warwickshire,Lab,ayeBill Olner,Nuneaton,Lab,ayeSandra Osborne,"Ayr, Carrick and Cumnock",Lab,ayeAlbert Owen,Ynys M™n,Lab,ayeNick Palmer,Broxtowe,Lab,ayeIan Pearson,Dudley South,Lab,ayeJames Plaskitt,Warwick and Leamington,Lab,ayeGreg Pope,Hyndburn,Lab,ayeStephen Pound,Ealing North,Lab,ayeGordon Prentice,Pendle,Lab,ayeJohn Prescott,Kingston upon Hull East,Lab,ayeDawn Primarolo,Bristol South,Lab,ayeGwyn Prosser,Dover,Lab,ayeKen Purchase,Wolverhampton North East,Lab,ayeBill Rammell,Harlow,Lab,ayeNick Raynsford,Greenwich and Woolwich,Lab,ayeAndy Reed,Loughborough,Lab,ayeJamie Reed,Copeland,Lab,ayeJohn Reid,Airdrie and Shotts,Lab,ayeLinda Riordan,Halifax,Lab,ayeGeoffrey Robinson,Coventry North West,Lab,ayeTerry Rooney,Bradford North,Lab,ayeFrank Roy,Motherwell and Wishaw,Lab,ayeChris Ruane,Vale of Clwyd,Lab,ayeJoan Ruddock,"Lewisham, Deptford",Lab,ayeChristine Russell,City of Chester,Lab,ayeMartin Salter,Reading West,Lab,ayeAlison Seabeck,"Plymouth, Devonport",Lab,ayeVirendra Sharma,"Ealing, Southall",Lab,ayeJonathan R Shaw,Chatham and Aylesford,Lab,ayeBarry Sheerman,Huddersfield,Lab,ayeJim Sheridan,Paisley and Renfrewshire North,Lab,ayeSi™n Simon,"Birmingham, Erdington",Lab,ayeAlan Simpson,Nottingham South,Lab,ayeDennis Skinner,Bolsover,Lab,ayeAndy Slaughter,"Ealing, Acton and Shepherd's Bush",Lab,ayeAndrew Smith,Oxford East,Lab,ayeAngela Smith,Basildon,Lab,ayeAngela Smith,"Sheffield, Hillsborough",Lab,ayeGeraldine Smith,Morecambe and Lunesdale,Lab,ayeJacqui Smith,Redditch,Lab,ayeAnne Snelgrove,South Swindon,Lab,ayePeter Soulsby,Leicester South,Lab,ayeHelen Southworth,Warrington South,Lab,ayeJohn Spellar,Warley,Lab,ayePhyllis Starkey,Milton Keynes South West,Lab,ayeIan Stewart,Eccles,Lab,ayeHoward Stoate,Dartford,Lab,ayeGavin Strang,Edinburgh East,Lab,ayeJack Straw,Blackburn,Lab,ayeGraham Stringer,"Manchester, Blackley",Lab,ayeGisela Stuart,"Birmingham, Edgbaston",Lab,ayeDari Taylor,Stockton South,Lab,ayeDavid Taylor,North West Leicestershire,Lab,ayeGareth Thomas,Harrow West,Lab,ayeEmily Thornberry,Islington South and Finsbury,Lab,ayeStephen Timms,East Ham,Lab,ayePaddy Tipping,Sherwood,Lab,ayeMark Todd,South Derbyshire,Lab,ayeDon Touhig,Islwyn,Lab,ayeJon Trickett,Hemsworth,Lab,ayeDesmond Turner,"Brighton, Kemptown",Lab,ayeNeil Turner,Wigan,Lab,ayeJoan Walley,Stoke-on-Trent North,Lab,ayeLynda Waltho,Stourbridge,Lab,ayeDave Watts,St Helens North,Lab,ayeAlan Whitehead,"Southampton, Test",Lab,ayeAlan Williams,Swansea West,Lab,ayeBetty Williams,Conwy,Lab,ayeMichael Wills,North Swindon,Lab,ayePhil Wilson,Sedgefield,Lab,ayeDavid Winnick,Walsall North,Lab,ayeRosie Winterton,Doncaster Central,Lab,ayePhil Woolas,Oldham East and Saddleworth,Lab,ayeAnthony D Wright,Great Yarmouth,Lab,ayeDavid Wright,Telford,Lab,ayeIain Wright,Hartlepool,Lab,ayeTony Wright,Cannock Chase,Lab,ayeNorman Baker,Lewes,LDem,ayeJohn Barrett,Edinburgh West,LDem,ayeAlan Beith,Berwick-upon-Tweed,LDem,ayeTom Brake,Carshalton and Wallington,LDem,ayeAnnette Brooke,Mid Dorset and North Poole,LDem,ayeJeremy Browne,Taunton,LDem,ayeMalcolm Bruce,Gordon,LDem,ayePaul Burstow,Sutton and Cheam,LDem,ayeLorely Burt,Solihull,LDem,ayeVincent Cable,Twickenham,LDem,ayeMenzies Campbell,North East Fife,LDem,ayeAlistair Carmichael,Orkney and Shetland,LDem,ayeNicholas Clegg,"Sheffield, Hallam",LDem,ayeEdward Davey,Kingston and Surbiton,LDem,ayeTim Farron,Westmorland and Lonsdale,LDem,ayeLynne Featherstone,Hornsey and Wood Green,LDem,ayeDon Foster,Bath,LDem,ayeAndrew George,St Ives,LDem,ayeSandra Gidley,Romsey,LDem,ayeJulia Goldsworthy,Falmouth and Camborne,LDem,ayeMike Hancock,Portsmouth South,LDem,ayeEvan Harris,Oxford West and Abingdon,LDem,ayeNick Harvey,North Devon,LDem,ayeDavid Heath,Somerton and Frome,LDem,ayeJohn Hemming,"Birmingham, Yardley",LDem,ayePaul Holmes,Chesterfield,LDem,ayeMartin Horwood,Cheltenham,LDem,ayeDavid Howarth,Cambridge,LDem,ayeSimon Hughes,North Southwark and Bermondsey,LDem,ayeChristopher Huhne,Eastleigh,LDem,ayeMark Hunter,Cheadle,LDem,ayePaul Keetch,Hereford,LDem,ayeCharles Kennedy,"Ross, Skye and Lochaber",LDem,ayeSusan Kramer,Richmond Park,LDem,ayeNorman Lamb,North Norfolk,LDem,ayeJohn Leech,"Manchester, Withington",LDem,ayeGreg Mulholland,Leeds North West,LDem,ayeLembit …pik,Montgomeryshire,LDem,ayeJohn Pugh,Southport,LDem,ayeAlan Reid,Argyll and Bute,LDem,ayeWillie Rennie,Dunfermline and West Fife,LDem,ayeDan Rogerson,North Cornwall,LDem,ayePaul Rowen,Rochdale,LDem,ayeBob Russell,Colchester,LDem,ayeAdrian Sanders,Torbay,LDem,ayeRobert Smith,West Aberdeenshire and Kincardine,LDem,ayeAndrew Stunell,Hazel Grove,LDem,ayeJo Swinson,East Dunbartonshire,LDem,ayeMatthew Taylor,Truro and St Austell,LDem,ayeSarah Teather,Brent East,LDem,ayeJohn Thurso,"Caithness, Sutherland and Easter Ross",LDem,ayeSteve Webb,Northavon,LDem,ayeMark Williams,Ceredigion,LDem,ayeRoger Williams,Brecon and Radnorshire,LDem,ayePhil Willis,Harrogate and Knaresborough,LDem,ayeJennifer Willott,Cardiff Central,LDem,ayeRichard Younger-Ross,Teignbridge,LDem,ayeElfyn Llwyd,Meirionnydd Nant Conwy,PC,ayeAdam Price,Carmarthen East and Dinefwr,PC,ayeHywel Williams,Caernarfon,PC,ayeAngus MacNeil,Na h-Eileanan an Iar,SNP,noBob Spink,Castle Point,whilst UKIP,no