David Amess,Southend West,Con,ayeBob Blackman,Harrow East,Con,ayePeter Bottomley,Worthing West,Con,ayeGraham Brady,Altrincham and Sale West,Con,ayeAidan Burley,Cannock Chase,Con,ayeTracey Crouch,Chatham and Aylesford,Con,ayeRichard Fuller,Bedford,Con,ayeZac Goldsmith,Richmond Park,Con,ayeJason McCartney,Colne Valley,Con,ayeStephen Phillips,Sleaford and North Hykeham,Con,ayeMark Pritchard,The Wrekin,Con,ayeMark Reckless,Rochester and Strood,Con,ayeSimon Reevell,Dewsbury,Con,ayeHenry Smith,Crawley,Con,ayeMike Weatherley,Hove,Con,ayeTony Baldry,Banbury,Con,noAndrew Bingham,High Peak,Con,noFiona Bruce,Congleton,Con,noNeil Carmichael,Stroud,Con,noGeoffrey Clifton-Brown,The Cotswolds,Con,noGeoffrey Cox,Torridge and West Devon,Con,noGeorge Eustice,Camborne and Redruth,Con,noGeorge Freeman,Mid Norfolk,Con,noEdward Garnier,Harborough,Con,noSimon Hart,Carmarthen West and South Pembrokeshire,Con,noNick Herbert,Arundel and South Downs,Con,noPhilip Hollobone,Kettering,Con,noGerald Howarth,Aldershot,Con,noAndrew Jones,Harrogate and Knaresborough,Con,noJeremy Lefroy,Stafford,Con,noAnne McIntosh,Thirsk and Malton,Con,noNigel Mills,Amber Valley,Con,noJames Paice,South East Cambridgeshire,Con,noNeil Parish,Tiverton and Honiton,Con,noJacob Rees-Mogg,North East Somerset,Con,noLaurence Robertson,Tewkesbury,Con,noMark Spencer,Sherwood,Con,noGraham Stuart,Beverley and Holderness,Con,noBen Wallace,Wyre and Preston North,Con,noBill Wiggin,North Herefordshire,Con,noSarah Wollaston,Totnes,Con,noIan Paisley Jnr,North Antrim,DUP,noCaroline Lucas,"Brighton, Pavilion",Green,ayeDebbie Abrahams,Oldham East and Saddleworth,Lab,ayeHeidi Alexander,Lewisham East,Lab,ayeRushanara Ali,Bethnal Green and Bow,Lab,ayeDavid Anderson,Blaydon,Lab,ayeIan Austin,Dudley North,Lab,ayeAdrian Bailey,West Bromwich West,Lab,ayeWilliam Bain,Glasgow North East,Lab,ayeKevin Barron,Rother Valley,Lab,ayeHugh Bayley,York Central,Lab,ayeAnne Begg,Aberdeen South,Lab,ayeHilary Benn,Leeds Central,Lab,ayeJoe Benton,Bootle,Lab,ayeClive Betts,Sheffield South East,Lab,ayeRoberta Blackman-Woods,City of Durham,Lab,ayeTom Blenkinsop,Middlesbrough South and East Cleveland,Lab,ayePaul Blomfield,Sheffield Central,Lab,ayeBen Bradshaw,Exeter,Lab,ayeKevin Brennan,Cardiff West,Lab,ayeLyn Brown,West Ham,Lab,ayeRussell Brown,Dumfries and Galloway,Lab,ayeKaren Buck,Westminster North,Lab,ayeRichard Burden,"Birmingham, Northfield",Lab,ayeAlan Campbell,Tynemouth,Lab,ayeMartin Caton,Gower,Lab,ayeAnn Coffey,Stockport,Lab,ayeJeremy Corbyn,Islington North,Lab,ayeMary Creagh,Wakefield,Lab,ayeStella Creasy,Walthamstow,Lab,ayeJohn Cryer,Leyton and Wanstead,Lab,ayeJim Cunningham,Coventry South,Lab,ayeNicholas Dakin,Scunthorpe,Lab,ayeWayne David,Caerphilly,Lab,ayeJim Dobbin,Heywood and Middleton,Lab,ayeThomas Docherty,Dunfermline and West Fife,Lab,ayeFrank Doran,Aberdeen North,Lab,ayeJim Dowd,Lewisham West and Penge,Lab,ayeMichael Dugher,Barnsley East,Lab,ayeAngela Eagle,Wallasey,Lab,ayeMaria Eagle,Garston and Halewood,Lab,ayeClive Efford,Eltham,Lab,ayeNatascha Engel,North East Derbyshire,Lab,ayeBill Esterson,Sefton Central,Lab,ayeChris Evans,Islwyn,Lab,ayeJim Fitzpatrick,Poplar and Limehouse,Lab,ayePaul Flynn,Newport West,Lab,ayeYvonne Fovargue,Makerfield,Lab,ayeHywel Francis,Aberavon,Lab,ayeBarry Gardiner,Brent North,Lab,ayeSheila Gilmore,Edinburgh East,Lab,ayePat Glass,North West Durham,Lab,ayeRoger Godsiff,"Birmingham, Hall Green",Lab,ayePaul Goggins,Wythenshawe and Sale East,Lab,ayeHelen Goodman,Bishop Auckland,Lab,ayeNia Griffith,Llanelli,Lab,ayeAndrew Gwynne,Denton and Reddish,Lab,ayeDavid Hamilton,Midlothian,Lab,ayeTom Harris,Glasgow South,Lab,ayeDavid Heyes,Ashton-under-Lyne,Lab,ayeJulie Hilling,Bolton West,Lab,ayeMargaret Hodge,Barking,Lab,ayeGeorge Howarth,Knowsley,Lab,ayeTristram Hunt,Stoke-on-Trent Central,Lab,ayeHuw Irranca-Davies,Ogmore,Lab,ayeGlenda Jackson,Hampstead and Kilburn,Lab,ayeCathy Jamieson,Kilmarnock and Loudoun,Lab,ayeDan Jarvis,Barnsley Central,Lab,ayeKevan Jones,North Durham,Lab,ayeSusan Elan Jones,Clwyd South,Lab,ayeTessa Jowell,Dulwich and West Norwood,Lab,ayeGerald Kaufman,"Manchester, Gorton",Lab,ayeDavid Lammy,Tottenham,Lab,ayeMark Lazarowicz,Edinburgh North and Leith,Lab,ayeChristopher Leslie,Nottingham East,Lab,ayeAndrew Love,Edmonton,Lab,ayeDenis MacShane,Rotherham,Lab,ayeSeema Malhotra,Feltham and Heston,Lab,ayeJohn Mann,Bassetlaw,Lab,ayeGordon Marsden,Blackpool South,Lab,ayeKerry McCarthy,Bristol East,Lab,ayeJohn McDonnell,Hayes and Harlington,Lab,ayePat McFadden,Wolverhampton South East,Lab,ayeIain McKenzie,Inverclyde,Lab,ayeAlan Meale,Mansfield,Lab,ayeDavid Miliband,South Shields,Lab,ayeAndrew Miller,Ellesmere Port and Neston,Lab,ayeGraeme Morrice,Livingston,Lab,ayeGrahame Morris,Easington,Lab,ayeGeorge Mudie,Leeds East,Lab,ayeMeg Munn,"Sheffield, Heeley",Lab,ayeJim Murphy,East Renfrewshire,Lab,ayeChi Onwurah,Newcastle upon Tyne Central,Lab,ayeTeresa Pearce,Erith and Thamesmead,Lab,ayeToby Perkins,Chesterfield,Lab,ayeBridget Phillipson,Houghton and Sunderland South,Lab,ayeStephen Pound,Ealing North,Lab,ayeNick Raynsford,Greenwich and Woolwich,Lab,ayeJamie Reed,Copeland,Lab,ayeJohn Robertson,Glasgow North West,Lab,ayeSteve Rotheram,"Liverpool, Walton",Lab,ayeJoan Ruddock,"Lewisham, Deptford",Lab,ayeAlison Seabeck,"Plymouth, Moor View",Lab,ayeGavin Shuker,Luton South,Lab,ayeDennis Skinner,Bolsover,Lab,ayeAndy Slaughter,Hammersmith,Lab,ayeAndrew Smith,Oxford East,Lab,ayeAngela Smith,Penistone and Stocksbridge,Lab,ayeJohn Spellar,Warley,Lab,ayeGisela Stuart,"Birmingham, Edgbaston",Lab,ayeMark Tami,Alyn and Deeside,Lab,ayeGareth Thomas,Harrow West,Lab,ayeEmily Thornberry,Islington South and Finsbury,Lab,ayeStephen Timms,East Ham,Lab,ayeKarl Turner,Kingston upon Hull East,Lab,ayeDerek Twigg,Halton,Lab,ayeChuka Umunna,Streatham,Lab,ayeValerie Vaz,Walsall South,Lab,ayeJoan Walley,Stoke-on-Trent North,Lab,ayeDave Watts,St Helens North,Lab,ayeAlan Whitehead,"Southampton, Test",Lab,ayeChris Williamson,Derby North,Lab,ayeDavid Winnick,Walsall North,Lab,ayeRosie Winterton,Doncaster Central,Lab,ayeDavid Wright,Telford,Lab,ayeIain Wright,Hartlepool,Lab,ayeAnnette Brooke,Mid Dorset and North Poole,LDem,ayeJohn Hemming,"Birmingham, Yardley",LDem,ayeMartin Horwood,Cheltenham,LDem,ayeStephen Lloyd,Eastbourne,LDem,ayeJohn Pugh,Southport,LDem,ayeBob Russell,Colchester,LDem,ayeAdrian Sanders,Torbay,LDem,ayeStephen Williams,Bristol West,LDem,ayeDan Rogerson,North Cornwall,LDem,noRoger Williams,Brecon and Radnorshire,LDem,noAndrew George,St Ives,LDem,both